{
   "Environment" : {
      "Sky" : {
         "Horizon Height" : 0.20000000298023224
      }
   },
   "Global Light" : {
      "Color" : [ 1.0, 0.0, 0.0, 1.0 ],
      "Dir" : [ -1.0, 0.46700000762939453, -1.0 ],
      "Direction" : [ -0.67144513130187988, 0.31356486678123474, -0.67144513130187988 ],
      "Overcast" : 0.0
   }
}
