{
   "Environment" : {
      "Sky" : {
         "Horizon Height" : 0.20000000298023224
      }
   },
   "Global Light" : {
      "Color" : [ 1.0, 0.0, 0.0, 1.0 ],
      "Dir" : [ 1.0, -1.0, 0.0 ],
      "Direction" : [ 0.7071068286895752, -0.7071068286895752, 0.0 ],
      "Overcast" : 0.0
   }
}
