{
   "Environment" : {
      "Sky" : {
         "Horizon Height" : 0.20000000298023224
      }
   },
   "Global Light" : {
      "Color" : [ 1.0, 0.0, 0.0, 1.0 ],
      "Dir" : [ -0.40000000596046448, -1.0, -1.0 ],
      "Direction" : [ -0.27216550707817078, -0.68041378259658813, -0.68041378259658813 ],
      "Overcast" : 0.0
   }
}
