{
   "Environment" : {
      "Sky" : {
         "Horizon Height" : 0.20000000298023224
      }
   },
   "Global Light" : {
      "Color" : [ 1.0, 0.0, 0.0, 1.0 ],
      "Dir" : [ -0.24400001764297485, -0.48900002241134644, -0.22200001776218414 ],
      "Direction" : [ -0.41365382075309753, -0.82900291681289673, -0.37635716795921326 ],
      "Overcast" : 0.0
   }
}
